mid Dec.,10.1,15.2,6.3,7,56
late May,23.4,27.2,20.1,13.5,48
early Feb.,7.4,9.7,4.7,6.2,60
mid June,24.4,28.9,20.1,23,76
late Oct.,18.3,21.2,16.5,15.2,72
mid May,17.6,19.6,16,12.4,62
late Nov.,11.8,14,8.4,8.7,63
mid Nov.,11.7,16.3,8,5.7,42
late Oct.,18.3,22.5,13.4,12.4,60
mid Feb.,11.4,17.6,5.7,8.5,58
mid Sep.,23.9,26.9,20.3,14.5,49
early Jan.,7,9.1,5.1,3.9,39
early Jan.,5.5,9.7,1.9,2.4,28
early May,19.3,22.4,15.7,17.3,78
late Aug.,30.1,34.8,26.8,26.3,63
late Mar.,8.1,11.6,4.9,2.8,27
early June,22.1,26.4,18.7,15.1,58
late June,26.1,29.2,24.3,24.3,72
early June,19.2,21.9,15.8,15.9,72
late June,22.8,24,21.5,24.9,90
mid Apr.,13.4,14.9,12.3,13.5,88
mid July,27.8,31.4,24.8,24.5,66
late Mar.,14.4,20.4,10.3,9.3,58
mid Dec.,6.1,10.4,2.8,3.1,34
mid Feb.,5.7,9.1,1.4,5.4,60
mid Feb.,3.3,6.6,0.3,4.4,57
late Aug.,30.2,34.4,26.4,26.5,62
late June,19.5,23.6,15.8,13,59
late Mar.,10.7,13.6,7.3,6.6,51
late Dec.,8.2,13.6,4.1,4.4,41
early June,20.2,24.2,17.8,15.5,66
late Sep.,23.3,25.8,21,17.6,62
late Mar.,8.1,13.4,3.5,5.5,52
early Apr.,13.3,16,10.3,11.1,72
mid Oct.,18.9,20,17.9,14.2,65
early Dec.,9.8,13,6.7,7.4,61
mid Sep.,23.2,26.4,20.3,14.9,53
late July,27.2,30.9,24,27.3,76
late May,15.6,18.3,12.8,11.7,66
early July,27.1,30.6,24.2,27.3,76
early May,22.8,27.2,18.4,17.3,63
late Dec.,9.4,12,7.4,5.3,45
mid June,23.2,26,21.5,18.3,65
mid Nov.,14.1,17.9,10,6.8,43
early Dec.,12.9,16.7,9.4,8.9,60
early Jan.,5.7,9.1,3.1,2.9,33
late Mar.,9.1,14.5,2.6,5.8,50
late Jan.,10.3,14.8,6.7,10.1,81
mid June,22.9,24.3,21.9,23,83
late May,17.4,21.7,16.1,13.8,70
late Nov.,13.1,16,7.4,8.1,54
mid Sep.,28.3,32.5,25.7,25.1,66
mid Feb.,5.3,6.5,4.3,6.2,70
early Mar.,7.4,12,3.7,4.5,45
early Apr.,11.1,14.5,8.7,5.3,40
late Mar.,7.9,12.1,5.1,6.4,60
early Mar.,7.6,10.6,5.4,6.3,61
early Apr.,18.3,24.3,12.9,7.7,40
mid July,29.8,34.5,26.1,25.1,61
late June,18.4,20,17.1,15.2,72
mid Feb.,10,14.6,5.6,7.5,59
late June,22.3,23.8,20.4,22.3,83
early Nov.,16.5,20.5,13,12.7,68
early Aug.,27.6,30.6,25.5,31,84
late Aug.,29.6,33.5,27,28.9,70
late Apr.,18.2,20.9,15.8,15.6,75
mid Jan.,4,7.4,0.2,4.2,52
late Nov.,12.1,14.7,8.8,7.5,53
early Nov.,16.6,20.7,12.2,8.3,45
early Apr.,9.4,12.1,7.2,9.8,83
early Apr.,14.9,19.2,10.5,7.4,43
mid Sep.,20.6,21.9,19.5,20.7,86
mid Aug.,29.2,32.2,27.3,29,72
late July,25.7,29.7,23.1,25.2,77
early Aug.,30.2,33.9,27.4,28.1,66
mid Oct.,17.8,20.6,13.9,17.7,87
early June,22.6,28.2,18,16.1,60
early Oct.,18.5,22.2,14.9,9.3,44
early Feb.,5.8,7.8,3.5,3.4,37
late Oct.,18.4,21.9,15.4,11.1,53
mid Dec.,14,19.3,9.6,7.9,50
late Nov.,14.4,17.7,11.7,8.4,52
late June,23.5,25.9,21.9,24.3,84
early Mar.,5.8,7.8,4.4,6.7,73
early June,18.6,21.1,16.2,17.2,80
early Oct.,21.1,25.6,17.9,10.3,43
early Mar.,7.4,11.5,1.6,3.8,35
early Mar.,9.3,14.4,5.2,5.5,48
late Mar.,12.3,18.1,7.1,6.3,45
late Sep.,24.9,28.9,20.9,19.8,63
early Oct.,18.8,22.9,15.9,7.6,36
mid Nov.,16.2,19,12.9,9.2,51
late Aug.,26,29.8,23.1,23.2,70
late Feb.,9.5,13.9,4,4.5,36
late May,18.7,23.8,12.9,11.5,55
mid May,18.9,22.9,15.2,14.1,66
mid Feb.,7.6,12.7,4.9,6.4,62
early Dec.,5.4,10.4,1.2,3.1,36
mid Feb.,6.8,10.4,2.6,5.3,54
mid Oct.,19.8,24.9,16.6,13.4,59
late Feb.,10.9,14.7,7.7,10.7,80
mid Sep.,28.7,33.2,24.7,27.1,70
early Jan.,4.4,6.8,2.8,6.3,76
early Dec.,9.9,13.5,7.8,8.8,72
mid June,21.7,24.6,19.7,18.5,72
early Sep.,26.6,29.7,23.7,25.7,74
mid Apr.,16.8,20.2,13.3,11.6,61
late May,19.3,22.3,16.1,14.5,65
late Aug.,24.6,29.1,20.4,22.4,73
mid June,21.8,24.5,19.4,19.6,75
late Nov.,13.3,18.6,9.5,6.9,47
early Aug.,29.2,32.5,26,25.8,64
mid Mar.,7.5,13,3.5,4.5,43
late June,23.4,26.1,21.4,20.2,70
mid June,24.5,28.9,20.8,19.8,65
early Mar.,4.4,8.1,1.8,2.3,29
early May,18.8,20.9,16.9,18.2,84
late Nov.,10.6,12.9,8.4,6.7,53
mid July,27.6,31.3,25.3,21.2,58
mid Dec.,7,11.1,4,3.7,38
late May,22.8,27.6,19.3,17.3,62
late July,27.5,30.4,25.4,24.3,66
mid Feb.,6.1,7.9,4.5,6,64
early Aug.,27.6,30.4,25.5,28.2,77
late Feb.,8.4,13,3.9,6.3,57
late July,28.5,33,24.4,24.2,63
mid May,17.3,21.9,12.2,12.8,67
mid Dec.,11.4,15.9,6.9,8.6,65
mid Aug.,30.1,34.5,27.5,29.1,69
mid Nov.,13.6,19.2,10.1,6.8,45
late Apr.,20.6,26,14.9,16.5,69
mid Nov.,16.4,20.4,12.9,13.6,73
mid Oct.,21.9,27.1,18.4,13.3,52
early July,27.5,31.4,24.9,26.1,72
mid May,11.7,14.2,9.7,9.7,71
early Aug.,29.8,34.3,26.2,27.4,66
mid Apr.,13.6,17.6,9.6,6.4,41
early Aug.,26.6,29.2,24.6,24.2,70
early Mar.,5.3,7.3,3.9,6.5,72
mid Nov.,11.7,15.6,7,7.3,53
mid Mar.,4.6,8.9,1.8,2,24
late Mar.,9.6,14,4.4,4.9,40
early July,27,30.7,24.7,27,76
early June,21.9,27.9,18.2,18.8,73
early June,19,21.8,18,19.8,90
early Apr.,13.6,18.7,9.2,7.7,51
early Jan.,6,10.9,1.8,3.2,36
early Mar.,6.9,10.6,3.2,3.6,36
early Sep.,26,29.4,23.4,21.1,62
mid Mar.,13.1,16.1,11.4,7.7,51
late Sep.,20.3,22.5,18.5,21.3,89
late May,20.2,23.9,16.5,14.7,63
early Nov.,17.3,22.3,13.4,11.1,57
late Aug.,29.7,34,26.5,27.7,67
late Jan.,13,18,6.6,8.1,51
early Jan.,6.3,9.8,3.3,3.7,40
early June,18.3,22.4,14.7,14.6,71
late July,20.7,23.6,18.2,16.5,68
mid Dec.,5.2,9.2,2.2,2.9,34
mid Dec.,8.1,14,2.6,5,49
late Apr.,19.7,24.3,16.8,14.6,64
early Oct.,18.9,21,17.2,18.1,83
late Apr.,17.6,22.3,13.4,11.7,59
mid Aug.,30.3,33.6,27.4,28.5,66
late May,18.7,25,13.3,15.4,73
late Oct.,19.3,23.4,15.6,11.5,52
early Apr.,9.8,14.8,5.4,4.6,40
mid Feb.,3.7,8.8,1.1,5.1,67
mid Mar.,7.7,11.1,3.3,4.4,42
mid Sep.,28.3,32.3,25.2,25,66
mid Feb.,5.2,8.9,2.8,2.2,25
early Sep.,24.5,29.3,21.8,21.1,70
early Oct.,20.4,22.6,18.1,19.3,80
late Oct.,15.5,19.9,11.2,9.9,57
mid Aug.,26.6,30.6,24,25,72
late Oct.,17.2,20.8,14.1,7.6,39
late May,20.1,24.7,15.9,11,46
early Aug.,27.8,31.2,25.1,27.3,74
mid Apr.,14.3,20.5,7.1,6.2,39
early Aug.,27.4,31.1,24.3,26.2,73
mid Jan.,3.8,7.3,0,2.9,36
early May,16.4,19.4,14.8,15.2,82
early Apr.,18.6,23.2,14.6,9.7,46
late Apr.,18.4,22.6,15.6,14.3,68
mid July,28.6,32.7,26.4,25.1,65
early Dec.,8,9.3,6.5,7.5,70
mid June,20,23.3,17.5,17.2,74
late May,22.5,27,19.3,14.1,53
late Feb.,4.9,9.5,2.2,6.7,78
mid Mar.,7.2,12.6,2.9,3.5,37
late Dec.,6.4,10.6,2.6,3.8,39
early June,23.1,25.9,21,19.8,70
mid May,21.6,26.9,18.2,17,67
early Apr.,14,17.7,9.7,11.1,69
early Feb.,2.8,5,1.4,4.9,66
late Sep.,21.9,25.7,17.8,15.2,58
late July,26.5,29.4,25,26.7,78
early Oct.,19.6,23.9,15.8,12,53
mid July,28.2,35.1,21.9,26.7,70
late June,21,23.3,18.3,22.3,89
early Nov.,16.5,20.3,12.9,12.7,69
late Aug.,30,35,27,27,64
late May,21.4,25,17.6,17,67
early May,20.7,26.6,16.2,10,44
mid Sep.,26.4,31.3,21.6,21.2,63
late Dec.,9.4,12.9,6.7,6.3,54
early Sep.,28.1,32.5,25.8,27.9,74
early July,26.7,29.4,24.2,25.9,74
late Feb.,16.9,18.7,14.7,13.9,72
late June,25.5,29.8,23,22.6,70
mid Sep.,23.7,28.9,19.7,18.3,65
early Dec.,11.5,14.7,7.5,8.1,61
late Dec.,6.8,9.2,3.9,5.4,54
early Sep.,24.9,29.4,20.3,18.6,60
early Oct.,22.2,25.1,19.6,13.8,51
early June,19.7,22.7,17.4,17.1,75
late Oct.,17.1,21,13.1,11.1,58
late Sep.,16.6,17.9,15.4,14.7,78
late Nov.,7.2,8.5,5.7,5.9,58
mid Jan.,8.4,13.8,1.7,5.7,51
mid July,28.6,33,24.7,28.9,75
mid Dec.,6.5,9.5,3.4,4.7,49
mid May,18.4,23.4,15.3,6.7,30
late Aug.,27.2,29.3,25.1,27.8,77
late Sep.,21.8,25.5,18.7,17,66
early Jan.,3.4,6.1,1.4,2.1,27
late Dec.,3.9,7.4,0.8,3.3,40
mid Oct.,21.5,24.6,18.5,15.6,62
mid Apr.,17.4,22.5,14.2,10.8,56
early May,20.4,23.7,18.2,12.9,55
early Sep.,28.6,33.2,24.6,26.5,69
late Oct.,16.9,19.6,14.4,12,63
late Apr.,18.3,21.3,16.5,16.1,77
mid Nov.,8.6,9.9,6.6,6.6,59
late Feb.,8.6,13.4,4.2,3.4,31
early Aug.,28.6,31.8,26.1,28.7,74
mid June,21.3,23.5,19.6,14.6,58
mid June,23.2,27.6,19.5,20.3,72
mid July,25.9,28.7,21.1,26.7,79
early Jan.,5.9,10.4,1.5,4.1,45
early Apr.,11.1,14.6,6.9,6.8,51
early Dec.,9.1,13.2,5.1,5.1,45
late May,20.1,24,16.5,15.5,67
early June,22.1,26.5,17.7,16.7,64
early Feb.,4.2,7.5,1,5.2,64
mid May,21.3,24.8,18.6,13.6,54
mid Nov.,16.9,22.5,11.2,14.6,76
late Oct.,15.4,16.4,14.4,13.8,79
mid Mar.,6.5,11.3,2.9,3.3,34
mid Nov.,15.3,16.1,14.3,14.6,84
late Sep.,20.1,22.8,17.8,8.6,37
mid June,22.2,25.1,20.9,21.2,79
mid Dec.,8.1,9.3,7.4,8.4,78
late Feb.,6.4,9.4,3.1,2.9,31
late Sep.,24.9,28.1,21.8,23.4,74
early Dec.,9.3,17,4.2,4.7,42
late Sep.,17.2,18.8,15.9,17.2,88
mid Sep.,21.7,25.7,19.7,16.8,65
mid July,28.5,32.7,25,25.1,65
late July,30.8,35.8,26.5,27.6,63
mid Sep.,28.2,31.7,25,25.8,68
mid Sep.,23.9,26.3,22.4,23.6,80
mid Sep.,26,29.7,22.9,22.6,68
late Apr.,13.4,15.7,10.5,14.5,94
mid Jan.,5.9,9.8,3.1,4.1,44
mid Dec.,6.3,11.8,1.1,3.2,35
mid June,26.2,29.1,23.9,23.6,70
late Sep.,21.2,24.8,18.4,15.4,61
mid Mar.,8.1,11.8,4.1,3.3,31
early May,17.9,19.2,16.7,19.4,95
late Aug.,30,33.8,27.1,27.6,66
early Mar.,10.2,12.7,7.9,7.4,59
late Jan.,4.4,6.5,1.4,3.5,43
early Aug.,29.8,34.1,27.4,29.6,71
early Sep.,22.6,23.7,21.4,19.1,70
mid Dec.,7,10.2,4.6,5.7,57
early Nov.,13.9,19.2,8.5,8.3,54
mid Apr.,18.8,23.1,14.4,11.9,56
early Oct.,23.7,26.5,21.8,21.9,75
early Nov.,14.9,19.1,11.1,9.3,55
mid Apr.,17.9,23,15.1,14.2,70
late Apr.,11.8,14.6,10.1,9.3,67
early Nov.,17.7,21.4,14.3,9.9,50
early May,19.8,24.5,15.1,12,52
late Mar.,15.3,21.1,6.9,8,44
late July,25.1,29,21,24.1,76
mid Sep.,25.9,29.6,23.1,19.4,59
early Sep.,28.8,32.8,26.2,26.7,68
late Mar.,11.9,17.7,7.1,5,37
late Apr.,15.5,20.8,9.9,7,42
early Sep.,24.9,29.3,21.4,21.3,68
mid Jan.,3.8,7.2,0.7,2.3,28
mid May,22,26.7,18.2,14.8,56
mid Jan.,5.4,10.1,2.2,2.7,31
mid May,19.7,24.6,14.9,14.1,62
early Jan.,6,10.9,3,4.1,45
late July,29,33.9,26.5,27.1,68
mid Oct.,19.9,23.3,16.8,16.2,70
late Mar.,11.2,17.1,5.9,6.1,47
early Sep.,27.3,31.4,24.1,28,78
early Jan.,6.7,9.8,3.8,4.4,45
late Mar.,5.3,7.2,3.2,7.4,83
late Nov.,12.1,16.9,8,6.7,47
early Mar.,11.5,17.6,6.6,6.4,49
early Dec.,12.2,15.9,8.4,8,57
early Jan.,5.8,9.6,2.6,2.6,29
late Nov.,14.1,18,10.5,11.4,71
late July,23.3,26.5,21.1,21.8,77
early Dec.,5.5,7.4,2.7,6,66
mid July,25.5,29.2,22.1,20.9,64
early Oct.,17.5,19.1,16.7,16.5,82
early June,22.3,27,17.5,17.8,68
late Nov.,11.4,15.7,8.1,4.8,36
late Sep.,17.8,22,13.9,11.7,59
early Mar.,11.4,15.1,8,11.8,87
late Mar.,9.8,13.6,5.7,4.7,38
mid Feb.,3.5,6.9,1.1,2.4,32
early June,21.1,26.2,15.5,15.4,62
mid Apr.,14.5,16.9,11.7,10,61
early Oct.,22.4,25.8,19,18,67
mid Sep.,28.1,31.7,25.1,27,71
early Aug.,30,33.4,27.7,28.7,68
early Jan.,6.1,12.2,0.6,4.2,46
early Sep.,27.2,29.4,25.6,26.3,73
early Apr.,14.8,20.8,10.2,6,37
late Apr.,18.2,23.4,12.9,11.4,56
early July,29.4,32.5,27.3,27.5,67
late May,18.4,20.4,16.5,17.7,83
mid Oct.,19.4,22.9,15.5,14,63
early Jan.,6.2,10.6,1.6,2.7,29
mid Mar.,7.4,11.1,4.1,7.1,69
mid Aug.,28.7,32.3,26.8,28.5,73
late Mar.,8.6,12.7,4.4,4.1,37
late Jan.,6.6,9.1,5.1,5.2,54
early Mar.,9,14.7,6.3,8.6,75
mid Mar.,15.5,21.6,10.7,12.3,69
mid May,22.2,24.9,19.9,18.8,70
early Feb.,5.8,9,2.4,4,42
late Jan.,9.6,11.5,8.3,9.8,82
late Feb.,6.6,9.7,5.2,7.3,75
mid Nov.,14.9,18,12.3,10.3,62
late Aug.,21.2,22.9,19.5,21.5,85
mid Jan.,4.8,8.3,2.1,2.6,30
mid Jan.,6.2,10.2,2.5,4.8,50
early Jan.,6.7,9.8,2.5,4.6,47
mid Jan.,3.8,6.9,1.9,2.4,31
early Nov.,18.9,22.2,15.2,16.1,74
early Sep.,27.3,30.8,24.1,27.4,76
mid May,20.2,22.1,18.6,20.6,87
early Aug.,29.6,33.6,27.4,26.9,65
late May,20.8,29.6,15.2,17.4,71
early Mar.,6.2,9.3,3.7,7.4,78
mid Nov.,10.5,14.5,6.8,7.2,57
late May,18.8,20.6,17.1,14.9,69
early Sep.,24.1,28.8,19.2,12.8,44
mid Sep.,24.4,26.6,22.5,22.7,74
early July,23.7,24.7,22.6,23.9,81
mid Mar.,9.6,13.1,5.6,7,59
late Apr.,20.1,24.4,14.9,14.6,62
mid July,29.9,34.4,27,28.5,68
mid Apr.,17.6,21,13.5,12.9,64
late Oct.,20.5,25.2,15.1,18,74
late Nov.,12.4,15.6,8.6,8.5,58
early Jan.,6.2,11.2,1.1,3.2,35
mid Nov.,14,16.4,11.8,8.7,55
early Sep.,30.1,34.3,28,27.9,66
late Apr.,18.3,23.2,15.6,16.2,78
late Aug.,25.6,30.4,22.9,26.3,81
mid Mar.,8.2,12.1,4.2,4.4,39
early Sep.,27.6,31.4,23.8,25.2,69
early Dec.,7.8,11.6,5.5,7.7,73
late Nov.,9.4,12.4,6.1,6.4,55
early Feb.,8.2,13.8,4.5,4.4,42
early Oct.,21.2,24.9,19.2,15.9,64
early May,15.8,18.2,13.5,10.8,61
mid Oct.,16.3,20.1,12.5,11.6,64
early Dec.,9.2,13.3,6.3,5.5,49
early Jan.,4.8,9.5,0.2,2.7,33
mid Aug.,25.2,29.7,21.4,22.1,69
early July,26.9,31.5,23.4,25.1,72
early June,19.8,24,15.2,15.9,70
late Mar.,11.7,16.3,7,5.1,37
mid Feb.,5.8,9.2,1.8,3.7,40
early May,19.6,24.2,14.4,9,42
mid Aug.,31.9,36.1,28.7,27.9,59
early Apr.,15.7,20.6,10.3,8,46
late June,27.3,31.9,22.7,25.2,70
mid July,28,33.8,24.1,25.1,67
mid Apr.,19.7,24.4,15.3,11.2,51
mid Feb.,18.1,23.9,13.3,10.1,49
late Sep.,18.9,20.2,17.5,14.8,68
late Apr.,11.2,16.7,7.2,6.8,54
late Jan.,4.1,7.8,1,2.3,29
mid Nov.,13.3,16.7,9.3,9.2,60
early Aug.,26.1,29.3,24.4,25.7,76
mid Sep.,22.5,26.5,19.8,14.3,53
mid Apr.,15.2,20,9.6,9.4,55
late Oct.,19.8,23.5,16,14.7,64
early Jan.,5.4,9.4,2,3.5,39
mid Dec.,8.4,12.5,3.6,6.3,57
early June,21.6,24,20.2,17.4,68
early Oct.,20.4,23.9,18.1,9.9,42
early Apr.,13,16.4,8,5.5,36
early June,15.2,18.5,12.1,10,57
late June,23.4,27.2,20.9,19.3,68
late Feb.,7.7,14,1.4,4.3,40
early Aug.,28.3,32.1,25.1,28.9,76
early Feb.,2.8,6.7,-1,2.3,32
late Feb.,7.9,9.8,5.8,5.6,53
late Feb.,6.4,9.9,4,2.8,30
mid Mar.,11.6,16.3,6.4,9.2,63
early June,19.1,24.8,14.8,11.6,53
mid Sep.,28.5,31.7,26.2,25.5,66
early Nov.,18.7,21.8,15.3,15.5,72
mid Nov.,16.9,22.4,12.4,9.5,51
late May,13.5,14.4,12.5,13.2,85
early June,21.3,25.9,19.3,18.3,73
early Mar.,8.6,13.3,3.2,3.9,35
early Feb.,3.2,7.6,0.1,2.7,37
late Feb.,7.8,12,2.9,4.4,41
early Dec.,11.9,18.4,7.6,6.2,44
mid Mar.,11.3,15.9,5.2,6.6,49
late July,29.5,34.4,25.5,26.4,64
early Sep.,27.3,32.9,23.7,27.5,76
early Aug.,27.4,29.4,25.3,29.8,82
late Jan.,5.7,9.4,2.4,3.7,42
mid May,12.9,15,10.8,11.6,78
late Apr.,18.1,20.2,16.3,15.6,75
early July,28.7,33.9,24.8,24.4,63
late Aug.,28.9,32.5,26.1,26.4,67
mid Aug.,31.2,35.1,28.1,26.1,58
late Aug.,28.9,31.6,24.7,26.8,68
mid May,17.4,21.9,13.8,8.2,42
early Mar.,8,11.6,5.7,4.2,40
mid June,22.9,26.7,20.1,17.5,63
mid Jan.,2.2,5.9,-1.1,2.6,39
mid Feb.,6.9,8.5,5.4,5.3,53
early Nov.,14.9,19.1,12.4,7,42
late Mar.,9.9,12.2,7.8,8.4,70
mid Oct.,18.4,21.1,15.4,14.7,69
early June,23.5,27.8,19.5,20.5,71
early Feb.,6.3,10,1.9,4.1,42
early May,18.8,21.3,17.5,18.3,85
late Sep.,19.3,24.6,14.8,12.3,56
mid Aug.,30.5,35.7,27.5,29.8,69
mid Feb.,5.8,10.4,0.7,3.7,41
late July,28.9,32.4,26.8,28.7,73
mid May,18.7,22.6,14.5,12.8,61
mid Apr.,18.6,24.6,12.9,11.6,53
early Sep.,24.4,28.5,21.8,19.4,65
early Oct.,20.6,24.6,16.9,14.6,61
mid Oct.,17.7,23.4,14.7,14.9,74
late May,17.5,19.5,15.6,17.1,86
late June,25.1,28.3,22.4,18.8,60
early Feb.,2.6,6,0.7,1.7,24
mid Oct.,22.5,25.8,19.6,20.6,76
late Oct.,20.6,22.4,18.9,16.9,70
early July,26.8,29.7,23.6,24.3,69
mid Apr.,13.3,16.7,11.4,10,66
early Oct.,23.8,28.1,20.1,21.6,74
early Nov.,18.1,19.5,17.2,17.5,84
late June,21.3,22.7,19.8,20.4,81
early July,21.2,22.6,20.2,21.8,87
late July,29.1,33.1,27.1,29,72
late Feb.,4.7,9.2,1.9,2.4,28
early Sep.,30.5,34.5,26.8,26.8,62
mid Mar.,16.1,21.4,9.3,9.3,51
late July,29.4,34.5,25.4,28.9,71
late Aug.,28.6,32.3,25.1,22.9,59
mid July,27.9,31.7,25.3,27.6,74
mid Nov.,11.6,13.8,9.8,7.7,57
mid Sep.,28.1,32.9,24.4,22.8,61
early July,24.9,28.9,20.4,21.6,69
mid May,21.7,24.2,18.4,14.7,57
late Apr.,13.7,16.4,11.5,9.7,62
early Sep.,31.2,35.9,28.5,23,51
late June,28.7,33.6,25.2,24.6,63
late Feb.,3.4,5.3,1.8,6.2,80
late Nov.,11,14.9,7.2,6.5,50
early July,26.5,28.9,24.4,24.8,72
late Sep.,20.4,22.4,18,19.1,80
early Jan.,10.4,12.6,8,6.8,54
late Dec.,7.2,11.3,2.5,3,30
late May,21.7,27,17,15.5,60
mid July,26.1,31.3,20,25.1,75
late Apr.,15.1,19.1,12,8.3,48
late Mar.,12.1,17.7,7.7,4.4,32
early Mar.,9.3,15,2.9,4.8,42
late July,23.1,27.5,18.9,17.9,62
mid Feb.,2.1,3.9,0.8,5.4,76
early Aug.,24.6,29,21.6,21.8,71
early Oct.,19.7,23.2,16.5,10,44
early July,26.6,31,23.1,24.7,71
mid May,20.9,25.7,15.4,12.8,53
early May,21.9,27.6,16.8,16.3,64
early Feb.,6.5,10.8,2.2,4.7,50
early Dec.,17,23.7,12.3,12.2,63
late Dec.,9.9,12.1,7.7,7.1,58
early July,25.4,27.8,22.9,25.7,79
late Aug.,25.9,30.9,21.4,25.9,78
late June,25.9,29,23.2,23.4,71
mid Nov.,17.4,22.1,13.5,13.7,68
mid Feb.,6.3,11.1,2.7,6.7,71
late Jan.,4.1,9.3,-0.1,4.1,53
early Sep.,25.8,28.6,23.7,26.9,81
mid Jan.,5.1,9.5,1.9,3.3,37
early Apr.,14.8,19.1,11.2,11.9,72
early June,21.7,23.5,20.5,17.8,69
late Sep.,22.3,25.1,19.6,19,70
early May,19,24,14.3,11.1,51
mid May,16.3,20.1,12.6,7.4,40
late Sep.,24.7,26.9,23.1,24.7,79
early Apr.,8.9,13.1,6.1,4.9,43
late May,15.8,17.5,14.8,15.1,84
early Nov.,16.1,20.2,12.4,11.5,62
early Dec.,9.9,13.2,6.6,6,49
mid June,18.6,21.8,16.3,16,74
mid May,21.4,24.8,17.9,18,71
late Dec.,6.6,10.3,4.4,2.9,30
late Feb.,5.8,10.2,3.6,7.7,83
mid Mar.,12.6,17.7,6.4,8.4,60
early Sep.,24.2,28.7,21.1,17.4,59
early Aug.,25.5,29.1,22,22.5,69
late Dec.,7.5,11.5,3.6,7.5,74
mid July,26,29.4,23.5,23.7,71
late May,24.3,30.9,19.6,16.1,55
early Dec.,10.3,12.8,9.2,8.9,71
early Apr.,12.1,14,10.8,11.1,79
early Sep.,28,30.4,24.3,27.6,74
mid Oct.,19.1,22.5,15.9,11.2,51
mid Nov.,11.9,16,7.1,9.3,67
mid May,20.4,24.1,17.7,16.6,70
mid July,29.1,32.7,26.9,28.4,71
early July,22.8,27,19.3,22.2,81
mid Nov.,12.2,13.3,10.6,9,63
mid Jan.,3.9,5.1,3.1,5.5,68
late Mar.,7.8,11.4,5.7,6.9,66
early May,18.6,21.2,15.7,16.4,77
early May,18.5,21,16.3,16.9,80
early June,21.9,24.4,20.5,17.4,66
early May,23,28.3,17.3,17.6,63
early Apr.,11.2,17,6.5,4.4,34
early Sep.,25.7,31.5,21.5,23,71
late Dec.,8.1,10.7,6.4,4.2,39
early Aug.,27.5,30.5,25.8,29.1,79
late May,18.5,22.4,15.6,10.9,51
late Feb.,6.6,11.9,2.9,2.5,26
mid Sep.,27.7,30.9,25.8,26.5,72
mid Dec.,9.7,13.5,6.4,5.6,47
late Oct.,20.3,24.5,18.1,18.2,77
late Apr.,14.4,19.9,9.2,6.6,42
early Mar.,8.1,12.6,5.6,8.4,77
early Apr.,14.6,19.6,10.9,5.1,32
early Nov.,16.9,19.9,13.9,13.3,69
late Dec.,5.9,9,3.8,2.7,30
mid June,26.9,30.2,22.4,24.2,69
mid Mar.,15.1,20.7,9,8.1,47
late Nov.,13.1,19.7,7.9,7.9,55
mid Apr.,13.1,16.6,8.6,9.5,64
early Oct.,21.1,24.8,18,16.4,66
mid May,16.4,21.8,13.2,10.5,58
late Nov.,10.9,13.7,7.4,5.3,41
mid May,20.3,22.9,18.8,16.5,70
mid Sep.,26.7,29.1,23.6,29.2,84
early Nov.,12.9,16.2,5.5,10.7,72
late Apr.,17.8,23,12.1,8.4,43
mid May,20.1,25.1,14.3,10.8,47
late Jan.,4.1,8.2,1.5,2.2,27
late May,18,19.1,16.2,18.2,88
early Aug.,30.2,34.5,26.4,29.8,70
mid Nov.,13.3,17.2,9.1,7.5,49
late Sep.,21.9,24.4,20.2,17.9,68
late Oct.,14.4,16.1,13,13.9,85
early Oct.,20.1,22.8,17,14.6,62
mid Aug.,32.3,37.2,28.9,28.5,60
late Oct.,14.9,18.7,12,10.9,65
late Feb.,3.7,6.9,0.3,3.3,41
early Dec.,11,13.5,9.2,7.5,57
mid Sep.,23,25.7,20.7,18.6,67
early Nov.,14.9,18.6,12.6,10.2,61
early Dec.,8.1,11.4,4.6,5.5,50
late Mar.,7.4,11.6,4.3,3.9,39
early Sep.,28.5,31.9,26,29.2,75
early Jan.,5.9,9.4,2.8,4.1,44
mid Oct.,21,25.7,16.9,15.2,62
late Dec.,13.2,19.9,4.2,10.2,66
mid Dec.,10.4,16.5,5.2,7.4,61
early Feb.,4.7,8.1,0.4,2.3,28
mid Oct.,18.6,22.4,14.4,11.2,53
early June,23,26.2,20.6,16.7,60
mid Dec.,13,17.4,9,10.1,68
late Aug.,25.6,29.8,22.1,22.3,68
late July,28.4,32.4,25.6,27.8,72
early Oct.,18.5,20.1,17.4,11.6,54
mid May,11.6,13.5,9.2,10.4,76
early Feb.,6.6,9.9,3.8,4,40
early July,23.3,25.7,20.9,23.3,82
early Sep.,25.8,30.5,22.8,26.2,79
late Sep.,20.5,24.8,15.9,12.1,51
early Aug.,29.2,33.2,26.4,25.4,63
late Jan.,5.5,10.5,0.9,2.4,28
early July,24,27.6,20.3,22.3,75
early May,19.6,23.5,16.9,7.8,35
mid Apr.,14.2,17.6,11.8,10.9,68
mid Jan.,5.8,11.1,2.1,4.3,46
late June,26.5,29.7,24.1,24.9,72
mid Jan.,5.6,11,0,3.6,39
late Sep.,23.6,28,19,21,73
late Jan.,6.8,11.6,3.9,5.1,50
early June,16,17.4,14.3,14.8,81
early Feb.,7.5,9.9,5.9,5.9,57
mid June,20.3,24.8,16,16.2,68
mid Nov.,12.7,17.1,9.8,7.1,49
late May,19.7,22.9,18,19,83
late Apr.,15.9,19.2,13.3,11.2,62
late Jan.,3.7,8,0.4,2.3,30
early Nov.,14.1,16.2,11.9,9.1,57
mid Mar.,12.1,14.5,9.6,9.8,70
early May,19.7,23.8,14.8,10.6,45
late Sep.,20.5,24.3,16.7,14.1,59
early Feb.,6.1,9,2.6,3.9,41
late Feb.,13.9,18.3,8.7,10.5,67
early Jan.,7.5,13.5,2,5.9,59
early Nov.,18.6,22.7,15.9,15.1,71
late Mar.,8.7,12.7,5,4.4,40
mid July,28.5,32.1,25.7,28.7,74
late Dec.,9.2,12,7.3,4.9,43
late July,29.6,33.3,27.3,29,70
early Nov.,15.7,20.1,12.9,8.3,47
mid Jan.,4.5,6.5,2.3,3.2,38
mid Aug.,29,33.1,26.4,27,68
mid Apr.,5.2,7.4,2.3,6,68
early Jan.,4,7.3,1.8,2,25
late Mar.,8.2,12.1,4.6,3.3,31
early July,23.8,26.3,21.8,21.8,74
late Apr.,9.1,14.2,7,7.9,70
late Mar.,12.7,16.5,7.8,4.7,31
early Aug.,29.8,33.8,27.4,28.2,68
late Dec.,4.9,7.6,3.4,4.4,51
mid June,25.8,30.3,22.2,24.6,75
mid June,21.1,23.7,18.4,17.9,72
late Feb.,8.7,14.2,2.9,6.1,51
early May,17.8,20.3,15.5,16.4,81
mid May,17.3,21.3,13.9,12.2,61
late Nov.,12.2,17.5,9.1,6.7,49
late Mar.,7.4,12,2.9,3.1,31
early Feb.,3.7,6.9,0.1,4.3,55
early Nov.,16.6,19.6,14.2,15.4,82
mid Mar.,17.2,23.2,11.1,11,56
late Jan.,8.9,13,4.5,4.7,43
late Aug.,30.1,34.2,26.8,27.8,66
late May,18.1,21.5,15.5,18.1,87
early Jan.,8.4,12,4.2,6.9,63
late May,21.3,25.8,16.8,15.3,62
mid Oct.,18.6,21.1,17.5,16.2,76
late Dec.,4.2,7.4,0.5,5,60
early Mar.,6.4,10.6,3.6,2.9,31
early May,17.1,23.3,14.3,12.6,65
mid Sep.,28,31.4,25.5,27.5,73
mid Mar.,7.9,13.6,3.6,4.5,45
mid Dec.,7,10.8,3.4,4.8,49
mid June,22.2,25.8,19.1,18.1,68
late Feb.,7.1,9.9,4.6,5.1,51
mid Nov.,9.4,12.4,6.6,4.3,37
late Jan.,8.9,10.9,7,7.2,62
mid June,21.2,24.6,18.3,17.7,71
mid Nov.,12.6,14.3,10.5,8.1,55
early Jan.,6.6,10.4,3.8,2.7,29
late Feb.,14.1,20.8,6.8,8,49
mid July,30.8,34.5,27.3,27.2,62
mid May,20.7,26,15.8,14.3,61
early Oct.,22,25.7,19.7,16.6,64
mid Nov.,15.1,19,10.3,10.8,62
late Dec.,5.8,8,3.9,5.3,57
mid Aug.,27.2,31.7,23.7,21.1,59
mid Feb.,2.5,6.4,0,2.9,41
mid Nov.,15.8,19,12.3,13.4,75
late Nov.,13.4,16.6,10.9,11.5,75
late Apr.,13,17.6,9.1,5.2,35
early Aug.,29.8,34.2,26.6,29.2,71
mid Aug.,30.3,33.2,27.4,27.2,63
mid Apr.,11.4,15.7,7.6,3.7,29
late Aug.,30.8,35.8,27.5,27.2,63
mid Feb.,2.2,4,1.1,5.1,71
mid Feb.,5.4,9.1,1.1,3.6,43
mid Feb.,4.7,8.7,-0.2,3.4,41
late Nov.,11,16.2,5.5,5.5,43
early Apr.,16,20.7,11.3,9.1,51
mid Aug.,28.1,32.5,24.1,27.3,73
early Oct.,15.9,19,14.4,14.3,80
mid Mar.,15.2,20.9,7,10.6,61
early Dec.,12,16.2,8,8.2,59
late Nov.,10.6,13.5,8.2,9.9,78
late Dec.,5.6,9.7,2.2,3.2,36
early Dec.,13.9,17.7,9.5,9.2,57
late July,24.1,27.7,21.7,25,83
late Dec.,4.4,7.5,1.3,3.1,37
mid Aug.,28.8,31.6,27.2,29.6,75
late June,28.2,32.2,25.7,25,66
early Oct.,20.8,24.1,18.3,16.6,68
early Aug.,29.2,33,25.5,26.8,66
early Feb.,7.7,10,5,8.6,82
late Mar.,8.4,11.6,5.9,8.6,79
late June,23.3,27.5,20.4,19.2,68
late Aug.,20.6,23.5,19.3,20.9,86
late Nov.,12.3,16,7.9,5.6,39
early June,18.7,23.5,13.4,14,66
late Apr.,16,20.7,11.9,6.8,38
late Sep.,19.8,24.8,16.8,19.4,83
late June,26.6,31.8,22.5,21.2,62
mid Apr.,18.1,26.1,13.3,9.4,49
mid Apr.,9.9,12.8,8.8,10.6,87
late Jan.,6.3,10.1,2.6,3.5,37
late Dec.,7.2,11.5,2.1,4.7,46
late Apr.,20.5,25.8,14.9,13.6,58
late Apr.,19.8,24.8,14.3,11.2,49
early Jan.,7.5,11.1,4.3,3.2,31
mid May,23.2,29.3,17.9,14.1,52
late Feb.,11.4,14.2,8,9.1,67
late Nov.,12.8,16,9.5,10,68
early Nov.,16.3,20.2,12.7,8.2,45
mid Aug.,32.2,36.3,28.1,30.3,64
early Aug.,27.5,30,24.9,27,74
mid Mar.,8.7,12,4.8,7,63
late May,17.6,22.2,13.3,14.1,71
late Apr.,8.2,10.1,6.9,8.9,82
early Feb.,6.2,8.9,3.4,4.2,44
early Aug.,25.9,30.2,22.9,20.1,61
late Sep.,23.2,28.1,19,20.1,72
mid Oct.,24.3,26.9,21.6,22.9,75
early May,22.4,27.8,19.6,15.9,59
mid Apr.,8.6,14.3,6.2,7.8,72
mid Jan.,6.3,10.6,1.7,3.8,41
early July,27.3,31.1,23.6,23.1,64
early Nov.,19.6,25.9,14.7,15.8,71
late Mar.,10.9,15.3,5.2,5.4,42
late Oct.,19.9,24.9,16.5,13.9,61
early Dec.,12.4,16.4,9.4,5.2,37
mid May,18.2,21.7,15.3,13.5,66
early Oct.,19.1,20.9,17.1,17.4,79
late Jan.,3,5.7,1.1,5.5,73
late Sep.,23,25.2,21.7,23.5,84
late Sep.,23.4,27.8,20.6,17.4,61
late Aug.,28.6,32.8,26.2,25.8,66
mid Dec.,6.7,12,1.5,3.3,35
late Oct.,16.7,19.8,12.2,13.9,70
late Oct.,17.7,22.7,14.4,11.7,61
mid Sep.,20.9,23.8,17.7,15.7,63
late Dec.,6,10,2.1,4.4,46
late Jan.,2.9,6.1,0.6,2.5,34
early Sep.,22.3,24,20.9,19.2,72
mid Mar.,8.2,12.9,2.3,4.4,40
early Sep.,27.9,31.4,24.3,26.7,72
mid Mar.,14.4,18.7,10.2,6,38
early Oct.,21.6,24.7,18.3,18.9,74
late Jan.,5.1,8.2,2.5,5.6,65
early Apr.,10.1,11.3,9.3,10.1,82
late Nov.,12,16,8.1,5.4,39
mid June,23.9,26.5,21.5,22.2,75
mid Aug.,26.5,30.8,23.6,22.2,65
late Mar.,4.4,8.3,2.4,5.1,61
early Oct.,19.1,22.6,16.6,14,63
early June,20.5,24.2,18.1,19.2,80
mid Oct.,20.9,23.3,18.5,14.5,59
mid July,29.2,33.8,26.1,26.6,67
mid Jan.,3.6,5.7,2.1,2.9,36
late May,23.2,28.6,20.3,17.7,63
mid June,23.1,29.1,19.9,14.7,53
mid May,23.7,28.4,18.9,13.9,50
mid Feb.,4.6,7.7,0.5,4.7,57
mid May,20.5,25.6,13.9,6.9,30
late June,17,19.1,15.9,15.1,78
late Dec.,5.1,8.3,3.2,3.4,39
mid June,22.8,26.5,20.5,20.2,73
early July,23.2,26.3,20.4,22.3,79
late Jan.,6.7,10.5,4.3,2.9,30
late May,23.5,29,18.2,16.9,60
mid Dec.,7.2,10.7,3.6,5.3,53
early Feb.,5.9,12.7,-0.8,2.7,30
late Nov.,14.6,18.1,11.8,11.2,68
late Mar.,9.1,13.8,5.1,5,45
mid May,19.8,24.4,16.1,17.3,75
late Feb.,6.5,10.1,4.4,5.7,58
early Nov.,17.2,21,12.9,12.4,63
late Sep.,20.2,23.7,18.1,14.4,61
late Aug.,25.4,31.1,21.2,21.8,68
early May,18.5,22.2,14,12.7,61
mid July,27.3,31.7,23.5,26.5,74
early June,21.8,25.6,18.3,16.5,64
early Sep.,28.9,33.1,26.3,26.8,68
late Apr.,17.2,21.6,12.6,9.6,47
mid Mar.,9.1,12.2,6.4,4.6,40
late Sep.,22.3,25.2,20,22,82
early July,26.4,30.1,23.2,25.5,75
early Nov.,14.4,17.5,11.3,8.6,52
mid Feb.,6.8,12.2,1.6,5,49
early Jan.,9.7,13.9,3.8,7.7,64
mid Feb.,5.7,9.6,2.3,3.1,34
early Jan.,7,11,4.1,4,41
late Apr.,16.1,20,11.4,8.5,47
late Sep.,23.1,25.1,20.7,20.5,73
mid Jan.,5.1,10.3,0,3.1,37
mid Dec.,7.9,9.9,5.2,6,56
late May,19.4,22,16.2,15.8,70
late Mar.,6.4,10,2.7,6,63
mid Oct.,19.5,23.3,16,12.9,57
mid Feb.,7,9.1,5,5.7,56
mid Mar.,6.8,10.3,4.6,8.3,84
mid June,18.6,23.6,15.7,14.1,66
mid June,23.9,27.2,22.6,24.9,84
late Oct.,18.2,21.5,15.5,14,67
mid Jan.,4.9,7.9,2.7,3.4,39
mid Jan.,5.1,8.9,2.5,2.8,33
late Jan.,5,8.2,0.6,6.7,77
mid May,22,27.2,16.8,14.2,58
early Sep.,25.7,29.7,21.8,21.2,65
mid Jan.,11.6,17.3,4.5,6.5,47
early Oct.,19,20.5,17.8,18.3,83
late Feb.,7.8,11.5,5.1,8.5,81
mid May,15.4,19.6,13,7.7,44
early July,23,25.1,20.8,25.7,91
late Nov.,9.4,11.9,7.7,8,68
mid Oct.,18.2,20.8,15.5,14.6,70
early May,20,23.5,16.5,12.1,52
mid June,20.9,23.5,18.2,19.5,79
mid Feb.,4.5,6,1.9,6.4,76
late Sep.,21.3,23.4,19.1,15.6,62
early Jan.,5.6,10.8,2.8,4.5,50
mid Feb.,5.4,9.3,1.5,3.9,43
late July,21,24.2,18,14.2,57
early Dec.,10.2,11.8,8,6.2,50
mid Oct.,19.6,23.8,15.3,13,57
mid Jan.,5,11,-0.2,2.2,26
early June,19.4,21.5,17.3,16.6,74
late July,30.8,35.7,26.8,28.5,65
late Apr.,15.5,18.8,11.4,11.1,64
mid Aug.,30.7,33.8,27.5,28,64
early Dec.,7.3,11.4,2.4,4.5,44
early Sep.,28.3,31.8,26,28.4,74
mid Aug.,27.3,31.3,25,22.9,64
mid Mar.,6.8,10.7,3.4,3.3,34
late May,14.5,16.7,12,10.7,65
late Oct.,17.9,21.4,14.1,16.2,79
late Nov.,14.1,15.5,12.5,11.8,73
mid Mar.,6.1,10.1,1.2,3.1,32
mid July,28.3,31.7,25.6,26.1,68
late Jan.,7,10.8,2,4.1,42
mid Aug.,31.4,35.5,28.6,29.8,65
mid May,16.5,20.9,11.6,6.1,33
late July,26.8,29.2,25.3,29,82
early Oct.,21.2,26.3,15.8,15.8,64
late July,30,34.2,27.1,31.2,74
mid Apr.,12.7,15.4,11.5,10.7,73
mid Jan.,4.3,7.6,2.2,2.3,27
early May,13.5,17.2,10.6,11.1,72
early June,19,22.1,16.6,15.3,70
mid May,17,22.3,11.9,8.2,42
early Jan.,9,12.5,5.7,5.7,50
late May,15.2,18.7,12.2,9.5,55
mid Aug.,28.7,33.1,26.2,27.8,71
late Mar.,8.1,12.3,4.4,5.5,50
late Dec.,7.2,8.7,6,9.1,90
early July,21.8,25.5,18.6,18.4,71
late Jan.,5.9,10,1.9,3.6,40
late Dec.,9.4,14.2,6.7,6.3,54
mid Mar.,14.7,19.4,12.4,9.6,59
late Feb.,7.6,10.6,4.8,8,76
mid July,27,30.9,23.5,25.6,73
late May,20.4,22.1,18.3,17.3,72
late Feb.,9.7,14.7,4.2,7.1,58
late June,23.6,27.7,19.7,20.2,70
early Aug.,28.7,32.4,25.5,27.7,71
early May,17.8,19.9,15.5,15,74
late Jan.,7.6,11.3,4.2,4,39
late Feb.,11.5,15.4,8.3,5.6,42
mid Jan.,9.3,13,4.6,5.7,49
mid Mar.,10.3,14.3,5.8,6.6,52
mid Sep.,28.3,32.3,25.6,25.2,66
late Sep.,16.3,17.8,15.6,16.2,87
mid Oct.,23,26.1,20.8,20.8,75
mid May,16.3,21,12.8,6.9,38
late Mar.,8.6,10.9,6.8,6,53
early Mar.,6.8,10.3,2.6,5.1,51
mid July,29.3,34.2,26.1,23.8,59
early Dec.,14.2,19.4,10.2,10.9,66
mid Apr.,14.9,19.1,12,11.9,71
mid Aug.,28.7,32.9,25.8,26.8,69
mid May,15.2,18.5,13.9,13.8,80
late Feb.,3.7,8,0.8,2.3,29
early July,26.5,31.6,23.1,26.4,77
early June,15.8,16.5,14.7,15.6,87
early Nov.,14.6,18.7,11.8,6.5,39
early Mar.,7.4,11.5,2.8,2.9,28
late Feb.,6,9.2,4,4.5,49
early July,25.3,28.8,22.8,26,81
late Aug.,24.4,27.6,22.4,17.5,58
mid Aug.,29.4,32.6,26.8,28.7,70
late Oct.,20.7,22.7,19.4,18.7,77
mid July,29.6,34.1,26.1,25.8,62
late Jan.,7,10.5,3.8,2.7,27
mid Aug.,30.7,34.9,27.6,28,64
early Apr.,9.9,12.5,5.7,9.2,75
mid Feb.,7.1,11.2,2.3,4.3,42
late Feb.,10.4,18.7,4.1,6.1,47
early July,27.9,30.5,24.9,26.1,70
late Jan.,7.2,12.7,1.5,4.2,41
late Aug.,23.3,27.1,19.9,21.6,76
mid Jan.,5.9,9.8,1.1,3.6,40
mid Mar.,10,13.6,4.5,7.1,56
early May,17,18.4,15.4,15.2,79
late July,29.5,33.1,27.3,30.6,74
early Jan.,6.6,10.7,2,3.5,37
early May,18.9,23.1,16.5,8,37
mid Nov.,14.9,18.8,12.1,9.7,58
mid Aug.,27.6,30.9,25.2,29.3,79
late Oct.,10,11.4,9.3,9,73
early Oct.,19.8,23.1,17.7,14.9,65
early Apr.,13.7,19.1,7.7,5.3,35
early Feb.,7.9,10.9,5.1,3.8,36
mid Jan.,5.1,7.9,2,2.6,30
mid Aug.,30,33.6,27.7,28.8,68
late Feb.,6.9,9.9,4.1,6.9,69
late May,20.3,24,17.2,16,68
late Mar.,11.6,16.5,6.7,6.2,46
late Dec.,9,14.5,4.5,6.2,54
mid June,23.1,27.7,18,21.4,76
mid May,18.7,20.6,17.2,18.4,86
late Apr.,13.3,16.4,10.2,8.5,56
late Nov.,13.8,17.7,10.8,9.3,59
mid Dec.,6.2,11.5,3.3,3,32
late Jan.,4.1,8.1,0.2,2.9,35
early Jan.,6.5,9.6,3.7,4.1,41
late Jan.,4.7,7.7,0.8,3.1,37
early June,22.8,24.9,20.6,20.4,74
late Apr.,16.5,17.9,14.8,15.2,81
late Aug.,25.3,29.6,21.1,19.8,62
early Dec.,6.6,10.8,2.8,3.2,33
early Feb.,6,12.4,0.1,3.4,37
early Mar.,11.4,13.7,9,10.9,80
mid Jan.,5.3,6.4,4.3,4.4,49
late Nov.,12.2,15.3,8.9,5.7,40
mid Jan.,9.1,15.3,4.5,6.1,55
early Apr.,16.4,19.2,13.1,8.9,47
mid Aug.,27.8,31.8,25.5,24.3,66
early Feb.,5.6,9.1,1.8,4.6,52
mid Mar.,9.4,13.9,4.9,4.7,40
early Sep.,28.5,31.9,24.9,29.1,75
early June,20,21.8,18.6,17.9,77
late Jan.,8.9,11.6,6.5,6.3,55
early July,26.8,30.3,24.9,27.1,77
mid Jan.,4.5,8.4,0.6,3.9,46
early Mar.,8.6,11.9,5.3,5.2,47
early Sep.,27.4,30.5,24.5,26.5,73
mid Jan.,3.8,8,0.1,2.4,31
mid Nov.,13.2,15.8,10.1,10.1,65
mid Nov.,17.3,18.8,15.7,17.3,87
early May,21,25.5,15.6,14.1,57
mid Jan.,5.5,10.6,0.1,3.1,36
late Feb.,2.3,5.4,0.7,6.2,86
early Apr.,8.8,10.9,7,6.3,55
early Feb.,8.7,14.3,4.3,3.6,33
early Nov.,16.5,20.6,14.4,8.4,45
early Dec.,10.6,13.1,7.4,5.7,45
early July,24.1,26.5,22.8,23.9,80
early Dec.,8.8,11.6,5.7,7.8,69
mid Sep.,23.2,26.6,19.8,20.1,71
late June,25.6,28.9,22.7,24.1,74
early Feb.,8.9,14.1,3.6,5.3,48
late May,21.8,24.3,20.3,17.8,68
mid June,20.2,21.5,19.3,21.1,89
late Dec.,13.5,19.8,5.3,9.3,60
mid May,15.1,19.3,12.3,8.3,49
late Aug.,29.9,34.4,27,26.9,65
early Sep.,26.9,30.6,24.2,25.8,73
late May,22.8,28.8,19.1,12,46
early Mar.,5.3,7.6,2,7.3,83
early Apr.,16.2,20.4,12,9.8,54
mid Nov.,14.4,17.4,12.4,6.3,39
early May,20.6,24.7,17.6,14.6,61
mid Jan.,5,8.2,1.2,2.8,32
mid May,18.8,23.4,15.2,12.2,58
early Dec.,13.5,17.3,9.9,7.5,48
early Mar.,8.6,9.8,7.7,5.6,50
late Apr.,20.7,23.3,19,17.9,74
early Feb.,4.8,7.1,2.1,3,35
mid Sep.,23.3,26.9,21.1,22,77
late July,27.6,31.5,25.1,24.2,66
mid July,28.7,32.1,27.1,29.4,75
late Sep.,18.1,19.6,16.3,10.9,53
late June,25.3,29.9,20.8,21,66
late Mar.,12.6,17.3,9.8,7.9,55
late Aug.,26.2,31.9,22.9,26.3,78
late Jan.,5.3,8,3.2,6.9,78
mid Dec.,8.8,9.7,7.9,8.5,75
mid Sep.,28.3,31.7,26.1,28.9,75
late Mar.,12.5,18,7.9,9.6,67
mid Jan.,4.9,9.2,1.4,2.5,29
early Apr.,15.2,20,10.4,12.7,71
late Sep.,25.7,29.5,22.3,24.7,75
early Jan.,5.9,10,1,3.2,33
mid Nov.,11.8,17.9,5.7,7,54
late June,26.2,31.2,22.3,19.6,59
early Aug.,27.1,31.2,23.8,24.9,69
early May,18.6,21.9,17.1,18.6,87
late Jan.,4.9,6.4,3.4,3.7,43
early June,20.9,27.3,15.6,13.1,56
late Nov.,10.3,13.3,7.9,9.4,75
mid Nov.,11.2,13.1,9.8,9.6,72
early Sep.,30.1,34.6,27.9,25.6,61
early June,21.1,24.7,17.1,16.5,67
mid July,29.5,33,27,27.3,67
mid Nov.,10.3,12.7,8.6,8.7,70
early Oct.,17.6,18.2,16.6,17.4,86
late July,26.2,30.7,22.9,22.2,66
mid Apr.,17.4,23,11.3,11.2,59
early Feb.,8.3,12.2,5.5,6.1,56
mid June,20.7,23.9,18.5,18.5,76
mid Oct.,19.1,21.1,16.5,12.9,58
early Aug.,26.3,28.9,23.6,26.2,77
late Oct.,19.1,25.5,13.6,12.3,58
early Mar.,4.5,9.3,1,6.2,74
mid Nov.,8.8,11.2,7,8.2,72
mid Apr.,15,19.9,11.2,10.7,64
late Sep.,26,29.7,21,20.7,60
late Mar.,7.8,13,3.6,4.8,46
late Aug.,30,35.2,27,26.1,63
late Oct.,14.8,18.1,12.5,7.8,46
early Feb.,8.8,13.8,3.8,4.4,40
early Apr.,11.6,16.3,7.7,9.9,71
mid Dec.,10.4,15.6,7.2,8.1,64
late Jan.,6.5,10.7,1.1,3.8,40
late Oct.,18,20.8,15.9,12.2,60
early Sep.,27.1,31.4,23.8,22.5,64
mid Aug.,30.1,34.5,26.9,28,66
early Aug.,26,29.6,23.2,26,78
mid Mar.,9.7,13.4,6.8,5.5,46
mid July,29.4,33.7,25.9,24.4,60
late Nov.,11,13.7,7.2,5.3,40
early Jan.,8.6,12.5,5.6,3.8,35
mid Feb.,3.5,6.3,0.5,5.2,67
early Nov.,16.8,22.4,12.1,7.8,43
mid Feb.,6.1,8.7,3.7,3.9,41
late June,21.6,25.3,17.4,17.6,68
early Feb.,7.9,12,5,4.2,40
mid Feb.,3.3,7.6,-0.6,2.8,37
late June,24.3,27.9,20.4,21.5,70
late Aug.,24.8,29.1,23.1,26.5,85
late Jan.,4.2,7.6,1.4,3.3,40
late Sep.,23.3,28.5,19.6,16.9,61
mid May,12.5,15,10.9,8.7,61
late Sep.,28.1,32.7,24.6,25.7,68
mid Apr.,11.8,16.3,8.7,8.8,65
early Aug.,28.6,33.2,25.3,28.6,74
mid Dec.,7.4,10.2,4.7,4.9,47
mid Aug.,29.1,33,25,26.4,67
late Apr.,15,20.1,10.9,7.7,48
early Dec.,9.3,11.3,6.9,8.2,69
mid July,28.7,32.3,26.2,26.5,68
late Jan.,5,8.5,2.3,2.4,28
mid Nov.,12.4,14.4,11.2,11.1,77
mid Oct.,18.6,21.2,15.9,9.6,45
late Aug.,25.9,30.4,23.5,27.1,82
late Dec.,5.5,8.8,2.9,3.5,38
late Mar.,8,10.6,6.1,7.8,73
early Feb.,5,9.9,1.1,3.8,46
early Dec.,7.5,10.2,4.1,3.3,32
late Aug.,30.3,35.1,27.2,29,68
early Mar.,3.2,6,1.2,4,53
mid Nov.,15.3,19,12.1,15,86
early Apr.,9.5,13.5,5.1,4.9,40
late Sep.,18.9,22.8,16,18.6,85
late Oct.,19.1,25,13.8,10.9,51
late Nov.,10.9,14.3,7.9,7.5,57
late Oct.,20.2,23.7,16.9,13.5,58
late Dec.,5.2,9,3.4,2.5,28
late June,27.2,31.9,21.8,23.6,66
early Nov.,15.7,17.8,13.9,10.9,61
mid June,21.7,26.7,15.1,16.5,63
early Dec.,8,9.8,6.5,5.9,56
late Nov.,12.1,14.5,10,8.2,58
late Oct.,16.4,20.2,13.2,10.3,56
early Mar.,4.6,8.3,1.9,2.1,25
late Jan.,5.3,9.7,1.4,3.3,37
late July,31.4,36.1,27.6,27,60
late Aug.,30.1,33.8,27.6,27.9,65
early Apr.,13.4,18.4,9.1,6.5,43
mid Feb.,5.3,10.3,0.7,5,58
mid May,20.3,25.2,14.7,11.7,49
early July,24.3,26.1,22.7,20.6,68
early June,21.4,23.3,19.6,15.5,61
late Apr.,15.8,20.5,12.6,7.6,43
late May,18.3,21,15.5,15.7,75
mid Aug.,29.1,33.4,25.9,29.4,74
early Nov.,14,16.1,12.6,15.1,94
early Jan.,6,8.7,4,4.9,53
early Nov.,15.4,20.3,10.6,10.9,63
late Oct.,16.6,19.3,14.1,10.6,55
mid July,27,32.1,24.2,24.1,68
early Nov.,15.7,18,13.6,11.7,65
mid July,26.7,27.4,25.6,28.6,82
early Jan.,6.3,11.4,0.9,3.3,35
early July,21.9,24.7,19.7,19.1,73
early Jan.,7,11.7,2.8,3.5,36
late Dec.,13.3,17,8.6,9.8,65
mid Nov.,16.2,19,13.9,12.8,69
early Oct.,22.5,27.3,18.3,18.6,70
late Mar.,5.9,10.4,1.2,3.3,36
mid Dec.,10.7,15.9,6.3,6.6,50
mid Oct.,20.5,23.4,17.5,15.2,63
late Apr.,11.2,13.3,10,11.3,85
mid Apr.,6.9,11.2,5.5,6.9,70
early Dec.,6.7,9.2,3.4,7.5,76
late Nov.,11.4,15,8.9,5.3,40
late Oct.,12.6,15.8,10.4,6,41
early June,20.3,24.2,17,17.3,74
mid Apr.,17.2,23,12.7,11.5,61
late Apr.,14.4,19.4,10.8,4.7,29
mid July,23.8,27.2,19.9,23.5,79
late Aug.,29.9,34.6,26.5,27.9,67
early July,24.8,29,21.1,23.8,77
late June,21.1,24.9,18.4,19.4,78
early June,21.2,22.9,18.6,20.7,82
late May,20.8,23.4,18.6,21.1,86
early July,26.5,27.8,25.1,25.8,75
early Apr.,16.6,23.8,8,7.1,41
mid Nov.,12.6,15.8,9.7,5.9,41
mid Oct.,19.7,23.9,15.3,11.3,50
late June,21,22.5,19.1,21.9,88
late Oct.,15.5,17.9,11.8,9.4,54
late Mar.,8.9,11.3,7.2,6.6,58
late Sep.,18.3,20.2,15.8,13.5,65
early May,17,19.8,15.1,15.5,80
early Dec.,10.3,14.1,8.4,4.4,35
mid June,22.1,26,19.3,18.1,68
late July,27.9,31.7,24.6,27.4,74
mid Sep.,25.9,28.8,24.3,24.4,73
late Apr.,12.7,16.7,7.5,6.4,44
mid Dec.,13.1,18.4,5.8,8.1,54
early Oct.,22.6,26.9,19.5,18.8,70
mid Sep.,25.2,29.1,22.1,21.6,68
early Apr.,11.9,15.2,8.9,4.2,30
early Mar.,5.7,10.1,2.5,8.5,91
late Mar.,11.8,15.5,8.2,5.3,37
early Mar.,6.2,10,2.7,2.7,29
late Aug.,20.9,22.8,20,19.1,78
early Mar.,7.1,11.6,3.8,6.4,65
mid Apr.,18.4,22.5,13.7,10.6,51
mid Dec.,7.9,10.1,5.7,4.5,42
early Oct.,20.4,25.5,15.9,17.4,74
early Feb.,5,9.1,1.2,6,70
early Dec.,13.4,16.3,10.3,6.3,41
early Apr.,17.2,18.7,15.5,9.8,50
early Apr.,14.7,20.7,7.4,10,56
early Feb.,5.9,9.4,0.6,6.4,69
mid June,23.6,28.1,18.4,13.9,48
early Sep.,27,30.6,24.7,26.6,75
mid Oct.,20,24.6,16,14.9,65
early Jan.,7.6,11.3,4.6,3.9,39
late Dec.,6,10.9,2.2,2.3,24
late June,26.6,29,24.4,27,78
early Oct.,22.8,25.1,21,20.7,74
late Mar.,8.1,13,4.4,3.6,35
early Apr.,10.7,16,8,6.1,49
early Oct.,20.4,24.3,17.5,17.5,74
early May,21.5,26.5,15.4,11.2,45
early June,22.1,26.3,18.8,18.1,69
early Feb.,8.5,13.1,4.8,7.8,71
mid Dec.,7.3,12,2.7,5,48
late Oct.,21,23.4,19.7,22.1,89
early July,24.6,27.8,22.1,21.4,70
mid Sep.,27,31.5,23.8,22.9,66
mid Sep.,28.3,32.4,25.7,24.9,66
early Feb.,7.1,10.4,4,4.5,44
late Sep.,22.2,26.3,17.3,22.2,82
early July,29.3,33.6,26.4,25.8,64
late Dec.,6.2,9.7,3.9,2.7,29
early Oct.,18.3,20.3,16.2,18.1,86
early May,16.4,20.1,11.4,8.1,45
mid Apr.,15.6,18.1,13.3,12.6,71
mid Nov.,15.6,18.4,13.1,10.9,62
early Aug.,24.3,26.4,22.6,24.1,79
early Dec.,11,16.3,8.3,5.5,42
mid Aug.,28.5,34.8,25.4,27.6,71
mid Apr.,6.3,11.5,1.4,7,73
late Oct.,12.3,14.6,11,11.6,81
late Oct.,19.3,21,17.8,15.4,69
late Mar.,15.3,17,13,13.2,76
late Aug.,26.4,30.4,21.6,25.6,75
late Dec.,5.8,10.5,2.5,3.4,39
early Nov.,14.9,19.2,11.6,6.9,41
early Sep.,22.2,24.5,20.4,18.1,68
mid Jan.,4.5,5.6,3,2.9,35
early Jan.,8.5,11.8,5.6,4.2,38
mid Nov.,13.7,17.2,10.1,12,75
early Feb.,7.4,11.9,2,4.7,46
early Sep.,28.7,32.3,26.5,26.6,68
early Jan.,7,12.1,2.7,4.2,43
early Apr.,11.2,15.7,6.6,5.7,42
early July,23.5,27.7,21.7,23.7,82
mid July,27.9,28.7,26.5,29.2,78
late Aug.,25.5,29.2,22.6,28,86
mid July,28.5,31.9,25.8,27.1,70
early Oct.,24,27.9,20.7,23.1,78
late Apr.,16.8,22.7,11.8,9.2,51
early July,23.7,26.9,21.1,20.4,70
early Apr.,15.6,20.2,11.3,11.2,62
mid June,26.7,31.6,22.9,20.7,60
late Mar.,9.7,15.5,5.8,5.7,49
late Sep.,20.2,23.2,18.7,18.1,77
early Apr.,14.1,18.1,10.4,7.3,46
mid Oct.,21.2,25.4,17.4,16.3,65
late Oct.,19.5,23,16.3,19.3,85
mid Oct.,17.9,19.5,16.2,13.7,67
mid June,23.3,27.8,19.7,22.7,80
late Aug.,26,30.2,24.2,20.5,62
late Sep.,23.4,29.5,18.5,19.7,69
late Jan.,5.9,10.2,2.9,3.1,34
mid Mar.,14.5,19.1,10.7,10.3,63
mid Apr.,15.9,20.3,12,10,57
late June,21.7,24.7,19.4,18.4,72
early Jan.,5.7,9.2,2.9,3.9,43
mid Sep.,27.9,30.7,25.1,29.2,78
late Aug.,29.1,32.5,26.7,27.5,68
late Aug.,29.7,33.9,27.5,29.2,71
mid Aug.,28.9,31.9,26.9,28.7,72
late Mar.,5.4,8.1,2.9,4.2,47
mid Feb.,5.1,10.3,0,2.1,24
early Apr.,14.5,19,10.3,7.1,45
early Mar.,5.8,9.2,1.1,7,75
late May,17.4,21.9,13.6,10.8,55
early Apr.,10.8,14.9,6.6,6.1,46
late Jan.,2.6,6.1,-0.1,2.6,36
mid Apr.,16.7,22.1,11.1,7.6,41
mid Sep.,25.8,30.4,22.2,22.7,69
early Jan.,7.3,11,2.8,4,39
mid Dec.,11.3,13.5,9.6,8.5,63
late Nov.,9.6,11.7,7.2,8.6,72
early May,20.6,25.9,14.5,12.7,55
mid Oct.,19.7,24.4,15.7,14.1,63
early Nov.,16.1,20.8,11.8,8.3,47
mid July,29.1,33.8,26,25,63
mid July,28.4,31.4,26.4,26.1,68
late Oct.,17.7,20.4,15.6,12.3,61
early Dec.,8.4,12.8,5.6,4.7,43
late Aug.,29.9,34.7,27.3,27,64
late June,26.8,31.9,22.3,21,62
early May,18.4,21.1,15.4,13.4,64
late Oct.,18.4,19.4,17.5,16.3,77
late Jan.,3.2,6.4,0.5,3,40
late Dec.,4.5,9.7,0.1,4.3,51
late Mar.,10.9,14.7,7.8,8.6,67
early May,19.9,22.3,17.8,17.1,74
mid July,25.9,28.4,22.7,23.8,71
mid May,22.4,26.3,17.6,13.7,50
mid Oct.,20.8,25,17.6,17.7,72
early Mar.,8.6,11.7,4.8,4.5,39
late July,19.6,21.9,17.4,18.7,82
mid May,21.6,26.3,17.2,13.6,54
late Dec.,10.1,16.8,4.8,6.5,53
early Feb.,5,9.4,1.8,2.5,29
early Mar.,5.5,6.6,3.5,5.8,64
late Dec.,7.1,10,4.3,4.9,49
late June,20.6,25.1,15.9,15.4,64
mid Apr.,10.8,18.1,7.3,9.5,72
early Oct.,19.8,23.6,16.8,19.5,85
early June,21.4,26.1,17.6,13.7,55
late July,29.8,33.8,26.1,26.6,64
mid Aug.,28.2,31.7,24.4,28.8,76
late Sep.,23.3,27.6,20.6,17.4,62
mid Oct.,17.7,20.8,14,12.4,61
late June,22.6,26.1,19.6,19.9,73
mid Apr.,14.9,17.4,12.5,9.2,55
early June,19,20.2,17.3,16.2,74
mid Feb.,3.1,6.1,0.9,2,26
mid Aug.,27.8,33.2,23.7,19.6,54
late Nov.,11,14,8.5,7.8,61
mid Oct.,18.9,23.8,13.7,9.6,46
late July,26.4,31.6,23.7,22.3,65
mid Dec.,7.2,9.1,5.5,7.2,71
late Apr.,16.6,17.6,15.7,17.8,94
early Mar.,5.3,11.2,1.3,6.9,77
late Mar.,15.3,19.4,11.6,9,52
late Apr.,11.3,13.1,9.3,10.4,77
late Dec.,8.1,12.6,5.2,4.1,40
late June,22.2,24.9,20.6,19.4,73
mid Feb.,9.8,15.3,3.7,5.6,48
late Jan.,5.9,7.2,4.5,7.8,84
early Dec.,11.2,16.6,7.3,8.6,66
mid July,29,33.3,26.4,25.8,65
late Aug.,24.8,27.7,22.9,16.8,54
early Nov.,17.8,22.1,13.7,13.7,67
late July,25.6,29.7,23.7,25.8,79
early Sep.,24.8,28.8,22,21.6,70
mid Oct.,15.9,17.5,14.9,10.8,60
late Feb.,6.8,10.3,3.4,5.5,57
mid Nov.,16.3,22,12.1,15.7,83
mid Apr.,16.6,19.8,13.7,13.3,71
late Sep.,24.7,28.1,22.6,15.9,52
mid June,21.6,25,18.8,19.8,77
mid July,28.3,32.1,26,26.5,69
late Sep.,23.9,26.9,21.2,16.5,56
early May,17.3,21.7,13.3,11.3,59
early Oct.,20,23.3,17.5,12.9,55
early Feb.,4.9,9.6,0.3,2.8,34
early Aug.,30.7,35.3,27.6,29,66
early Nov.,14,18,11.6,6.6,41
late Aug.,30.5,34.8,27.4,27.5,64
early May,19.5,23.8,14,9.4,42
mid Feb.,3.9,5.2,1.8,5.2,65
late July,26.4,29.6,24.1,26.4,77
mid Jan.,2.8,5.7,1.9,5.9,79
late Feb.,4.8,8,1.1,2.6,31
late Jan.,8,12.2,2.9,6,58
mid June,20.3,22.2,18.8,18.6,78
early July,27.6,31.1,24.1,25.5,69
mid June,23.7,27.6,20.6,19.9,69
early Oct.,21.7,24.8,18.5,19.5,75
mid Oct.,21.3,23.6,19.3,17.8,70
mid July,25.3,27.4,23.7,17.2,53
mid Sep.,28,31.8,24.8,28.8,77
late June,26.4,28.8,23.7,27.5,80
late June,23.7,26.5,21.5,21.3,72
mid Mar.,13.7,18,7.8,10.3,64
late Feb.,6.5,11.2,3.1,5.2,55
mid Feb.,7,11.2,3,4.1,43
late Nov.,11.1,14.7,7.2,5.8,45
mid Apr.,16.3,20.6,12.1,11.7,63
late Apr.,12.7,15.7,10.3,9.7,65
late May,15.6,17.6,14,11.8,67
mid Sep.,19.9,21.5,18.7,19.8,86
mid Nov.,13.2,15.1,11.5,11.8,78
early Dec.,9.8,13.7,4.7,6,50
mid Apr.,12.9,16.6,9.8,11,74
mid Dec.,8.2,10.3,7.1,7.7,72
early Apr.,12.3,17.2,7.2,5.7,39
late Dec.,6,8.2,3.8,3.1,33
early Feb.,2.4,4.5,0.5,4.1,57
mid Mar.,9.6,11.8,6.5,10.6,89
late Apr.,17.6,22.2,12.3,10.7,54
late Sep.,20.2,23.5,17.5,13.8,59
mid Dec.,8.2,13.6,3.8,4.7,45
early Mar.,7.1,9,5.5,5.6,55
mid July,27.4,29.1,26.2,27.4,75
early Nov.,15.3,21.5,10.6,10.6,62
early Sep.,24.4,29,20.8,20.4,67
mid Jan.,4.4,7.7,2.4,2.3,28
early Mar.,5.5,8.4,3.3,5.4,60
early Dec.,10.3,13.1,6.8,4.8,38
mid Dec.,7.9,9.5,6.2,7.4,69
late Aug.,30.1,34.7,27.4,26.5,62
early Jan.,6.6,10.8,2.2,3.2,33
mid Apr.,13.7,19.3,8.6,9.9,64
late July,26.3,27.9,24.9,27.8,81
early Jan.,6.9,11.6,3.1,3.3,34
mid Feb.,3.1,5,1.4,4.4,59
mid July,29.4,33.9,25.9,26.3,65
early Sep.,27.8,31.4,24.1,24.4,65
mid Apr.,15.7,17.9,13.8,9.3,52
early Apr.,10.1,15.4,4.3,3.4,28
late June,22.8,25.7,21.2,22.3,81
late Mar.,5.5,9.5,4,5.3,59
mid Dec.,6.1,7.1,4.5,5.3,57
mid Jan.,3.9,7.9,1.4,3.2,42
mid Dec.,10,12.3,7.7,5.3,44
late May,14.6,18.1,12.2,11.6,71
early July,26.5,31,23.4,24.1,71
early Dec.,10.1,12.9,6.2,5.1,41
early May,20.4,22.3,18.3,18.4,77
late Feb.,8.1,12.6,2.9,3.7,36
early Dec.,11.1,18.9,6.7,11.4,85
mid Feb.,9.1,14.5,5.3,6.2,54
early July,28.3,30.3,25.1,25.5,66
late Oct.,17,21.2,12.3,10.6,55
late Jan.,3.4,3.7,2.7,6,77
early Jan.,6.5,10.4,3.7,2.9,30
late Nov.,11.1,14.5,8.2,4.6,36
mid Mar.,11.1,14.9,6.3,6.2,47
late Nov.,8.8,11,7.6,8.5,75
late Mar.,10.7,14.6,8.1,5.6,44
mid Nov.,16.9,20.7,13.2,12.3,64
late July,28.4,33.2,22.1,27.8,72
mid Feb.,3.3,5.6,1.7,4.1,54
mid Dec.,11.2,13.1,9.2,5.5,42
mid May,17.1,19.7,15,15,77
late Apr.,16.2,21,11.3,7.7,41
early Nov.,13.5,17.1,9.8,8.5,55
mid Jan.,5.4,7.6,3,3.1,34
mid Oct.,19.4,22.7,17.1,12.2,54
late June,23.5,25.6,21,21.7,75
early Dec.,10.1,11.8,8.5,9.8,79
late Jan.,3.2,8,-1,3.2,42
mid Oct.,20.8,23.7,18.1,17.1,69
early Feb.,5.5,10.8,-1,2.8,33
early Mar.,10.4,15.6,4.2,4.8,38
late Dec.,5.2,8.7,2.1,3.4,38
early Oct.,20.9,24.2,18.1,17.6,72
late June,21.1,23.1,18.2,20.9,84
late Sep.,22.4,25.6,19.6,14.2,53
early May,17.9,22.1,12.8,8.3,41
early Sep.,25.6,30,22.1,14.8,46
mid Aug.,27.7,32.4,23.7,25.8,70
early Sep.,29.8,34.1,27.9,28.1,67
mid Oct.,18.6,20.6,16.7,13.4,62
mid Oct.,18.1,21.5,13.9,11.8,56
early May,19.7,23.7,16,12,53
early Nov.,13.5,16,10.7,9.7,63
mid Nov.,15.3,20.6,10.3,10.3,59
late Apr.,14.5,18.1,11.2,12,73
early Nov.,14.3,18.9,9.5,6.5,41
mid Mar.,10.7,14.2,7.7,6,47
early Apr.,13.1,16.4,11.1,8.7,58
late Aug.,19.1,22.2,17.6,19.4,88
late Feb.,5.2,7.4,4.2,6.2,70
late Oct.,16.7,20.3,13.4,6.9,36
mid Feb.,12.7,14.9,10.6,8.3,56
late Oct.,19.8,23.3,15.4,14.9,64
early Feb.,2.9,6.6,-0.4,3.9,53
mid Apr.,14.3,20.3,9.8,11.3,72
early Mar.,11.6,14.7,9.3,4.7,34
mid Dec.,7.5,11.2,5.2,7.5,72
early Oct.,19.6,21.1,17.7,17.3,76
mid Apr.,17.7,22.8,14.7,11.6,57
early Oct.,17.7,19.8,16,11.1,55
late May,22,27.1,17.6,16.9,65
early Dec.,12.3,17,7.5,7.8,56
late July,23.5,25.1,22.2,22.2,77
mid Mar.,9.8,12.8,7.2,4.6,38
early Oct.,20.7,22.7,18.4,20.1,83
mid Jan.,7.5,9.2,5.6,4,39
late Oct.,21.8,26.9,18.4,16.6,64
mid Dec.,7.2,11.2,4,3.6,37
mid Aug.,29.8,34.5,26.3,29.3,71
late May,23,27.6,18.9,15.9,57
late May,17.6,22.5,13.4,15,74
late Nov.,14.6,19.4,11.2,10.9,66
early July,27.2,31.6,24.3,27.7,78
late July,26.3,27.9,24.4,26.2,76
early July,25.1,26.9,24,25.8,81
late May,23.1,27.1,19.8,19.2,69
early Jan.,5.9,9.2,3.1,4.5,48
mid Nov.,14.5,19.7,9.5,5.8,36
early May,19.7,26.2,16,16,70
mid Apr.,10.9,16.7,6.5,6.9,53
late Aug.,22.1,24.2,21.1,22.9,86
mid July,28.9,33.4,25.9,24.5,62
early Aug.,29.4,33.1,27.1,28.8,71
mid Feb.,10.5,15.4,3.8,5.9,45
mid Apr.,15.1,20,6.8,12.5,73
early Mar.,12.6,15.7,11,10.4,72
late Aug.,29.6,33.8,27.6,28.9,70
mid Dec.,11.9,14.4,9.5,6.1,44
early Oct.,20.9,24.9,17.3,15.8,64
mid June,23.2,26.2,20.8,19.1,68
early July,27,29.5,24.8,26,73
early Dec.,11.7,14.9,9.9,8.5,62
early Apr.,7.9,9.9,6.9,4.2,39
late July,31.5,36.3,28,27.6,61
late July,30,34.2,27.3,24.9,59
late Apr.,14.8,18.4,12.7,11,66
early Nov.,11.9,14.2,9.7,7.8,57
early Aug.,29,32.3,26,27.8,70
late Dec.,7.3,12.4,1.8,3.5,35
mid Sep.,24.5,29.1,21.8,22.6,74
late Nov.,10.6,14.1,7,7.7,60
early July,29.6,34.3,26.9,25.9,63
early June,21.8,24.3,18.8,18,69
late Dec.,7.7,12.3,2.7,5.5,52
mid July,20.5,22.2,18.2,18.9,79
late Apr.,18.3,24.3,14.1,14.8,72
early Sep.,24.6,28.6,22,20,65
mid Oct.,21.4,24.8,18.6,15.5,62
late May,21,25,17.4,13.7,56
early Mar.,8.8,14.2,4.9,4.1,36
early Sep.,30.4,35.9,27.5,27.3,64
late Aug.,28.1,32,25.6,27.5,72
late July,29.6,33.8,26.7,27.2,66
early Nov.,15.4,19.7,10,9.6,56
early Aug.,28.3,31.7,26.1,28.4,74
late June,22.5,25.3,19.4,19.1,71
mid Dec.,11.2,13.9,7.5,10.5,79
late July,29.3,33.4,25.1,23.5,59
late Mar.,6.9,10.2,3.2,7.8,78
late Aug.,29.6,33.8,27.3,26.6,65
mid Feb.,2,5.5,0.8,5.1,74
late Sep.,20.3,22.5,19,14.5,61
late Jan.,2.9,7.4,-1,2,28
late Nov.,13.8,17.3,11.3,10.7,68
late July,28.3,31.8,25.5,25,66
early Dec.,7.3,10.4,5.1,7,68
mid Sep.,28.4,31.7,24.7,25.7,67
mid Aug.,30,34.5,27.2,27.7,66
early Mar.,8.2,12.4,3.3,8.2,76
late Aug.,21.6,23.6,19.6,23.2,90
early May,20.5,22.8,19,18,74
late Jan.,2.9,6.8,1,2.1,29
mid June,22.3,26.7,19.8,19.6,73
mid Mar.,10.9,14,9.2,7.6,58
early Aug.,27.1,28.6,25,30.3,85
late Feb.,7.3,17,0.7,4.4,42
mid Apr.,12,16.5,6,7.4,55
early June,22.8,28.9,18.8,17,63
late Dec.,12.1,15,7.8,5.2,37
mid Apr.,10.1,13.7,9,9.2,74
early Sep.,23.2,26.2,20.6,18.7,66
mid July,28.9,33.6,24.5,25.4,65
late Sep.,27.8,31.7,23.5,24.8,68
late Aug.,26.3,31.7,22.7,21.5,65
early Oct.,19.2,23,15.6,14.3,65
early Feb.,4.9,5.9,3.8,5.8,67
mid Feb.,5.3,10,1,2.4,28
early June,17.6,23.2,13.4,10.7,54
mid Dec.,6.1,9,4,3.1,33
late Oct.,15.9,18.1,14.5,14.3,79
mid Oct.,18.5,21.8,15.8,12.7,59
mid Mar.,8.6,12.6,3.9,4.4,41
late May,18.5,20,16.2,16,76
late Oct.,15.2,19.3,11.7,7.8,45
late Jan.,12.2,15.5,5.4,8,54
mid Aug.,28.3,30.3,26.9,26.9,70
mid Dec.,6.6,10.3,3,3.2,33
mid Dec.,9.7,15,4.6,6.4,54
late July,27,30.3,24.6,25.5,72
early Aug.,27.4,31.5,24.6,24.9,69
mid June,19.2,21,17.7,18.8,85
early Oct.,21.1,24.5,18.1,17.7,71
early Sep.,26.5,29,24.5,26.2,76
late Oct.,14.4,16.3,11.5,9,55
late Nov.,11.3,14.3,9.1,6.1,46
mid Mar.,14.1,20.2,6.7,9,55
mid June,22.6,27.2,19.5,17.3,63
late Mar.,14.1,18.9,8.4,10.1,60
early Nov.,18.4,22,14.8,14.3,68
mid Sep.,21.4,23.3,19.5,20.2,79
late Nov.,9.5,13.4,6.1,7.8,67
mid Mar.,9.2,11.5,7.8,9.3,80
early Aug.,29.5,33.3,27.4,28.2,69
mid June,25.2,29.8,20.1,23.7,75
mid Apr.,15.2,18.9,11.7,11.1,65
early Dec.,12.4,16.2,8,8.8,61
early Aug.,28.9,34.5,26,27.6,70
late July,30.1,33.3,27.5,30.5,72
late May,24.3,29,20,16.4,56
early Mar.,7.3,9.7,5.3,9.2,89
mid Oct.,23.4,28.3,17.8,16.5,59
mid July,30.1,34.8,27.4,27.1,64
mid Sep.,25.7,31.1,19.5,23.9,72
mid Sep.,21.9,23.9,19.7,18.4,70
late June,24.1,26.9,22.1,23.4,78
mid Aug.,28.6,30.5,25.7,25.7,66
mid Mar.,12.6,16.1,10.2,7.4,51
mid Jan.,4,5.9,1.9,2.9,35
mid Dec.,7.1,11.9,2.7,3.8,39
mid Feb.,5.2,6.9,3.7,6.4,73
early Oct.,26.9,31,24.7,22.3,63
late Oct.,13.9,16.1,10.9,10,64
early Mar.,8.4,13.5,4,6.9,63
early Aug.,29.4,32.7,27.2,30.4,74
mid Sep.,24.5,29.1,19.8,20.3,67
early Nov.,14.3,16.6,11.7,8.2,51
mid Jan.,6.4,11.6,0.8,3.7,40
early Feb.,5.7,9.4,2.1,3.8,42
mid June,24.5,27.6,22.2,19.8,64
late July,28.2,31.2,26.2,29.4,77
early Aug.,29.8,34,27.3,27.8,67
late Dec.,8.8,11.3,4.6,5.5,48
early Dec.,6.1,7.4,4.2,6.1,65
mid Aug.,28.7,34.1,24.9,28.7,74
early Apr.,9,13.9,5.9,3.8,35
early Nov.,15.6,20.5,10.4,9.1,53
early June,21.7,24.2,19.6,18.7,73
early Sep.,26.7,31.1,24.6,26.1,75
early Aug.,25.8,29.6,23.4,21.9,66
late Mar.,6.9,7.6,5.7,7.8,79
late Aug.,24.3,27.5,21.9,23.3,77
mid Oct.,20.7,24.6,17.3,9.4,39
early Mar.,9.6,11.1,7.9,7.8,66
late Dec.,6.9,9.7,4.5,5.1,51
late July,28.6,33.3,25.7,27.7,71
early May,16,19.6,12.4,11.8,65
late Oct.,16.1,18.3,13.9,12.9,71
early Aug.,29.4,32.2,27.8,30,73
late Dec.,5.8,8.5,2.9,4.3,47
late July,26,30.3,22.7,21.7,65
late Oct.,18.7,23.4,15.3,12.7,60
mid June,19.6,23.3,17,17.4,77
late Nov.,12.6,16.5,9.3,6.2,43
early Nov.,13.9,16,11.3,6.5,41
early Dec.,5.6,8.6,3.3,5,55
late Feb.,12,16.6,8,8.6,62
early Jan.,7.3,12.1,1.5,3.5,35
mid Oct.,19.7,22.4,15.1,12.6,55
early Aug.,29.3,33.2,25.5,27.3,67
mid Mar.,7.6,11.6,4.8,2.7,27
late Aug.,22.4,25.3,20.5,17.7,65
late Jan.,7.8,8.9,5.7,8,76
early Mar.,7.8,13.6,4.7,5,48
mid Sep.,28.3,32.3,26.2,27.4,72
mid June,21.7,24.1,19.7,19.1,74
late Nov.,10.5,12.4,9.4,9.4,74
late July,28.1,31.9,24.3,27.8,74
late May,14.9,17.1,13.2,14,83
late May,20.7,25,16.9,17.9,74
mid Aug.,30.4,35.1,27.3,29,67
early Nov.,11.9,17.5,6.3,7.4,52
mid Nov.,11.5,14.9,8.8,6.5,49
mid Dec.,10.6,13.9,6.6,6.9,54
late May,14.6,16.6,13.1,14,85
late July,27.8,31.8,23.8,26.7,72
mid May,19.7,23.6,16,16.7,73
early July,26.2,28.8,24.3,24.9,74
late July,27.6,32.9,24.7,27.3,74
late Dec.,6.2,9.3,3.9,3,31
early Feb.,6.5,9.6,4.1,3,31
early Feb.,4.7,8.5,-0.1,5.1,62
late Oct.,22.7,25.9,20.4,20.9,76
late Jan.,3,5,0.8,3.9,51
late Mar.,12,16,7.6,7,51
late Nov.,14.1,17,10.2,10.9,67
early Feb.,1.5,5,0.7,5.7,83
mid Nov.,15.7,19.2,12.3,9.9,56
late Dec.,5.2,9.2,1.8,2.5,29
early Feb.,7.4,11.9,3.8,3.3,33
mid Feb.,3.5,5.2,2,5.1,66
mid Aug.,28.6,30.6,26.4,29.7,76
late May,18.9,22.8,16.2,14.2,66
mid Dec.,12,18.2,5.8,6.9,52
early Mar.,3.5,5.6,0.9,5.6,72
late Apr.,15.2,20,10.9,8.1,48
mid Sep.,25.6,29.2,23.3,22.8,70
early Aug.,27.7,30.5,25.8,28.2,76
mid Aug.,26.7,29.1,25,26.8,77
mid Oct.,20.5,23.7,16.9,14.1,59
late July,30.8,35.4,26.8,30.5,70
mid Apr.,15.7,18.3,12.8,13.4,76
late Sep.,23.4,26.5,20.2,17.9,63
mid Aug.,25.3,30.9,22,24.9,77
early Feb.,6.1,8.1,3.7,3.2,34
late Nov.,10.1,16,4.4,7.8,65
late May,21.6,25.9,18.7,18,71
early Apr.,8.8,13.8,5.1,3.4,31
late May,21.3,26.5,16.8,15.4,61
late Mar.,9.4,11.2,8.1,9.4,80
late Apr.,17.1,21.6,14,7,36
early Jan.,5.7,9.2,1.4,3.7,41
mid July,27.4,31,24.7,29.4,81
early Apr.,13.7,17.7,10.3,8.7,57
late Sep.,24.6,29.6,19.3,19,62
late Mar.,7.8,10.8,4.9,4,38
early Jan.,6.5,10.8,3.1,3.3,34
late June,24.9,28.2,22.9,22.8,73
mid June,18.6,21.5,17.3,17.9,83
late Aug.,23.2,25.4,21.9,25,88
mid Mar.,13.7,17,9.4,7.7,48
mid Dec.,8.9,10.8,7.2,6.2,54
late Apr.,12.4,16.2,8.8,9.4,65
early Aug.,30.2,34.2,27.2,28.2,66
mid May,19.4,22,16.4,18,79
mid Oct.,20.9,24.7,16.9,12.2,50
early July,25.5,27.8,22.7,25.4,78
mid Aug.,22.6,25.5,20.8,23,84
late Oct.,17.8,21.8,14.8,14.2,70
early Nov.,11.4,13.1,10,7.5,56
mid Sep.,27.6,31,24.8,26.1,72
late Jan.,6.2,10.3,3.7,3.4,36
late Mar.,8,11.7,5.1,3.6,33
early Dec.,14.1,18.3,10.1,9.5,61
mid Dec.,7,11.9,2,4,41
mid Mar.,10.3,15.2,4.1,6.4,51
mid Aug.,23.7,25.8,22.3,21.1,72
early May,21.2,26.2,16,13.4,54
early Nov.,10.2,13.4,5.6,5,42
early Jan.,6.3,9.8,2.9,3.5,35
mid Mar.,13.3,16.8,9.7,11.7,76
late July,22.8,23.7,21.6,22.5,81
mid May,20.3,23.5,16.9,11,47
late July,29.2,32.2,26.8,30.1,74
mid Jan.,3.8,6.4,0.5,2.5,31
late June,21.6,25.1,18.8,18.4,71
late July,26.7,28.4,24.6,27.6,79
late Feb.,6.1,9.3,4,3.9,42
late July,29.5,33.2,25.4,28.8,71
early Mar.,12.5,18.2,5.5,10.7,73
late Jan.,5,8.9,1.8,4.2,48
late Sep.,20.9,22.8,19.3,20.8,84
mid May,18.6,23.2,15.4,13.6,64
late Nov.,8.4,10.2,7.4,6.3,57
early May,20.5,25,15.8,15,63
mid June,20.8,23.9,18,17.9,73
mid Feb.,6.6,9.3,3,3.2,32
early Apr.,16.1,18,12.3,13.6,74
mid Jan.,4.8,8.2,2.6,2.9,33
early May,19.1,22.5,15.4,12.2,55
late Dec.,5.6,10,1.8,3.2,36
late June,26.2,28.7,24.6,24.4,72
mid June,23,26.8,20.1,18.9,67
early Feb.,11.8,21,3.7,8.1,54
mid Sep.,22.4,28.1,19.3,12.6,48
mid Mar.,7.2,10.4,3.2,5.1,51
early Jan.,7.2,11.1,4,3.4,34
mid July,26.3,28.9,24.4,25.4,74
mid Sep.,28.7,33.5,25.6,24.8,64
mid Jan.,5.4,9.1,1.5,3.9,43
mid Nov.,10.9,14.9,8.5,7.4,58
early May,15.1,17.2,13,10,59
early Dec.,11.7,16.3,7.2,7.3,53
early Mar.,6.9,10,2.6,5.7,59
mid Mar.,15.3,19.9,9.1,8.9,49
late Dec.,6.8,9.8,2.3,4.6,47
mid Aug.,26.6,30.1,23.9,22.6,65
late Nov.,11.2,15.7,8,8.4,64
mid Jan.,5,9,0.3,3.3,36
early Sep.,31,35.7,27.8,25.5,57
mid May,15.6,16.8,13.9,15,85
early Mar.,9,11.6,5.8,7.4,64
late Jan.,6.7,9.3,4.3,5.7,57
early June,22.8,27.6,18.8,19.4,71
early Jan.,7.3,13.2,3,4.8,49
mid June,17.4,21,15.2,14.7,75
early Oct.,21.3,24.6,18.2,21,82
early May,19.8,25.5,15.9,6.8,30
late Mar.,10.1,14.8,4.2,4.7,38
mid Dec.,6.9,8.7,4.8,5.9,59
mid Apr.,17.2,23.2,14.1,12.1,62
late Jan.,5.2,6.7,4.1,5.3,60
mid July,27.7,29.8,25.3,26.6,72
early Nov.,18.4,21.3,15.6,12.5,59
late Dec.,9.9,14.4,6.2,5.1,41
mid May,19.4,23.7,15.2,12.9,59
mid Mar.,12.3,18.2,6.7,5.8,41
mid Sep.,23.7,28.3,19.3,16.6,59
late Dec.,6.7,10.7,3.4,3.4,35
early Aug.,30.5,34.6,27.4,29.2,67
late Aug.,30.2,35.6,26.9,29.3,69
mid June,21.1,24.3,18.6,14.3,57
late Jan.,6,10.4,2.6,3.1,34
late June,29.8,35.1,25.3,25,60
late May,21.5,26,19.1,15.4,61
mid Apr.,13.9,17.4,10.9,5.8,36
early Nov.,12.1,15,9.4,7.3,52
late Oct.,15.4,18.4,13.6,12.1,70
mid Nov.,8.2,9.4,7,6.6,61
late Jan.,8.2,14.7,2.5,4.5,42
mid Nov.,17.8,21.7,13.6,13.9,69
late Feb.,6.4,8.4,2.8,7.3,76
mid Aug.,28,30.8,25.5,28.9,77
mid Oct.,19.6,23.3,16.1,14.4,64
early July,24.3,27.3,22.1,22.5,75
late Apr.,18.8,25.5,13.9,13,62
late Mar.,9.6,13.4,7.3,9,75
late Nov.,10.5,12.8,8.3,7.9,62
late Dec.,6.2,12,2.8,4.4,47
mid July,29.1,33.6,25.2,24.8,62
early June,21.6,25.9,18,17.2,68
early Apr.,13.8,18.1,9.4,9.2,59
mid July,27.1,30,23.6,21.6,60
late Oct.,16,20.9,11.6,11.2,62
mid Oct.,24.8,29.7,20.6,18.2,60
early Apr.,10,14.7,5.8,4.4,35
mid Aug.,27.6,31.6,25.3,23.1,64
mid July,28.9,32.7,26.2,27.2,69
early May,20.8,24.3,17.2,14.7,61
mid Feb.,5,9.5,1.2,2.8,33
early June,23.1,28.2,19.7,16.3,59
mid Oct.,18.1,21.8,14.9,12.2,60
early Mar.,7.3,10.4,4,8.7,85
mid Nov.,10,12.9,7.1,5.7,48
late Feb.,7.2,10.8,3.8,3.3,32
late Jan.,3.7,6.4,1.2,2,26
late Aug.,27.4,31.4,23.8,22,61
late Oct.,18.5,21.9,15.1,11.1,52
late July,20.8,23.3,18.8,20.9,85
late Oct.,14.8,16.8,12.7,12,71
late Nov.,8.8,13.2,6.6,8.1,72
early July,22.6,26.6,19.9,21.5,79
late June,23.8,24.9,22.4,25.2,86
mid Apr.,16.2,20.7,11,8.5,47
early Feb.,4.9,9.7,1.2,2.5,30
late Jan.,9.2,12.4,5.2,6.2,53
late May,18.4,19.7,17.1,18.5,88
mid Sep.,28.8,32.1,26.4,26,66
early Oct.,21,25.2,17.7,16.9,69
early July,28.6,31.4,26.5,26.1,67
early Aug.,30.2,34.7,27.2,27.9,66
late June,29.1,32.7,26.1,24.6,61
early July,28,32.3,24.3,25.1,67
mid Oct.,21.4,23.4,19.5,17.4,69
mid Feb.,6.1,10.3,2.2,2.7,29
late Sep.,19.2,22,18.1,17.4,79
mid Nov.,11.3,15.6,8.4,3.9,29
late Dec.,6.8,11.4,3.3,6.7,69
late Apr.,14.1,15.4,12.5,13.8,86
early Oct.,17.8,19,17,17.2,85
mid Jan.,5.3,9.2,2.8,3.7,44
late June,28,31.8,25.2,28.4,76
early June,22.2,25.7,18.3,18.5,70
early Aug.,24.5,27.3,22.1,20.9,69
early Aug.,26.3,30.3,23.3,25.4,75
mid Aug.,31,35.2,28.2,29.8,67
late Dec.,4.9,9.1,1.5,2.7,32
early Apr.,14.7,19.3,10.1,5.7,35
mid Jan.,6,8.3,3.2,4.8,51
late Dec.,9.2,13.6,5.1,6.2,52
early Nov.,15.8,22,10.5,11.1,61
mid Dec.,13.1,17,9.6,8.5,56
early Oct.,20.9,25,18.9,15.9,65
mid Feb.,4.9,8.8,1.7,2,23
late Jan.,3.4,7,0.8,2.1,27
mid Sep.,28.8,33.8,25.3,24.3,62
late Dec.,9.9,13.8,4.9,5.1,43
early June,20,22.6,17.9,15.6,67
late Oct.,17.7,19.3,16,12.8,63
mid Jan.,5.3,8.8,1.8,3.8,43
early Sep.,28.4,32.3,25.6,26.6,69
mid June,16.9,18.7,15.8,16,83
mid Sep.,24.1,25.6,22.9,22.2,74
mid Jan.,4.6,8.4,-0.3,3.1,37
early July,28,32.5,25.4,22.8,61
late Aug.,27.2,30.7,24.1,20.6,58
early June,22.9,28.6,17.4,16.1,60
early June,21.6,23.5,20.2,16.2,63
mid Oct.,21.2,25.2,18.1,14.9,60
early Feb.,4.9,9.4,0.4,3.4,41
mid Jan.,6.9,10.8,4.2,7.2,72
mid Dec.,9,12.8,4.1,5.4,46
late June,24.2,25.5,22.4,24.3,81
late Oct.,18,22.4,14.9,13.1,64
early Feb.,8.1,11.4,3.8,5.2,48
